{"cameraMode":{"drawMode":0,"name":"Shaded","section":"Shading Mode"},"sceneLighting":true,"audioPlay":false,"sceneViewState":{"m_AlwaysRefresh":false,"showFog":true,"showSkybox":true,"showFlares":true,"showImageEffects":true,"showParticleSystems":true,"showVisualEffectGraphs":true,"m_FxEnabled":true},"in2DMode":false,"pivot":{"x":0.559999942779541,"y":4.440000534057617,"z":-4.420000076293945},"rotation":{"x":0.19097909331321717,"y":0.048567045480012897,"z":-0.009460940957069397,"w":0.9803482294082642},"size":12.12435531616211,"orthographic":false}